,name,company,year,Price,kms_driven,fuel_type
0,HyundaiSantroXing,Hyundai,2007,80000,45000,Petrol
1,MahindraJeepCL550,Mahindra,2006,425000,40,Diesel
2,HyundaiGrandi10,Hyundai,2014,325000,28000,Petrol
3,FordEcoSportTitanium,Ford,2014,575000,36000,Diesel
4,FordFigo,Ford,2012,175000,41000,Diesel
5,HyundaiEon,Hyundai,2013,190000,25000,Petrol
6,FordEcoSportAmbiente,Ford,2016,830000,24530,Diesel
7,MarutiSuzukiAlto,Maruti,2015,250000,60000,Petrol
8,SkodaFabiaClassic,Skoda,2010,182000,60000,Petrol
9,MarutiSuzukiStingray,Maruti,2015,315000,30000,Petrol
10,HyundaiElitei20,Hyundai,2014,415000,32000,Petrol
11,MahindraScorpioSLE,Mahindra,2015,320000,48660,Diesel
12,HyundaiSantroXing,Hyundai,2007,80000,45000,Petrol
13,MahindraJeepCL550,Mahindra,2006,425000,40,Diesel
14,AudiA8,Audi,2017,1000000,4000,Petrol
15,AudiQ7,Audi,2014,500000,16934,Diesel
16,MahindraScorpioS10,Mahindra,2016,350000,43000,Diesel
17,MarutiSuzukiAlto,Maruti,2014,160000,35550,Petrol
18,MahindraScorpioS10,Mahindra,2016,350000,43000,Diesel
19,MahindraScorpioS10,Mahindra,2016,310000,39522,Diesel
20,MarutiSuzukiAlto,Maruti,2015,75000,39000,Petrol
21,Hyundaii20Sportz,Hyundai,2012,100000,55000,Petrol
22,Hyundaii20Sportz,Hyundai,2012,100000,55000,Petrol
23,Hyundaii20Sportz,Hyundai,2012,100000,55000,Petrol
24,MarutiSuzukiAlto,Maruti,2017,190000,72000,Petrol
25,MarutiSuzukiVitara,Maruti,2016,290000,15975,Diesel
26,MarutiSuzukiAlto,Maruti,2008,95000,70000,Petrol
27,MahindraBoleroDI,Mahindra,2017,180000,23452,Diesel
28,MarutiSuzukiSwift,Maruti,2014,385000,35522,Diesel
29,MahindraScorpioS10,Mahindra,2015,250000,48508,Diesel
30,MarutiSuzukiSwift,Maruti,2017,180000,15487,Petrol
31,MarutiSuzukiWagon,Maruti,2013,105000,39000,Petrol
32,MarutiSuzukiWagon,Maruti,2013,105000,39000,Petrol
33,ToyotaInnova2.0,Toyota,2012,650000,82000,Diesel
34,RenaultLodgy85,Renault,2018,689999,20000,Diesel
35,SkodaYetiAmbition,Skoda,2012,448000,68000,Diesel
36,MarutiSuzukiBaleno,Maruti,2017,549000,32000,Diesel
37,RenaultDuster110,Renault,2012,501000,38000,Diesel
38,RenaultDuster85,Renault,2013,489999,27000,Diesel
39,HondaCity1.5,Honda,2011,280000,33000,Petrol
40,MarutiSuzukiAlto,Maruti,2015,250000,60000,Petrol
41,MarutiSuzukiDzire,Maruti,2013,349999,46000,Diesel
42,HondaAmaze,Honda,2013,284999,46000,Diesel
43,HondaAmaze1.5,Honda,2015,345000,36000,Diesel
44,HondaCity,Honda,2015,499999,55000,Petrol
45,DatsunRediGO,Datsun,2017,235000,16000,Petrol
46,MarutiSuzukiSX4,Maruti,2010,249999,36000,Petrol
47,MitsubishiPajeroSport,Mitsubishi,2015,1475000,47000,Diesel
48,MahindraBoleroDI,Mahindra,2017,180000,23452,Diesel
49,MarutiSuzukiSwift,Maruti,2014,385000,35522,Diesel
50,MahindraScorpioS10,Mahindra,2015,250000,48508,Diesel
51,MarutiSuzukiSwift,Maruti,2017,180000,15487,Petrol
52,MarutiSuzukiWagon,Maruti,2013,105000,39000,Petrol
53,MarutiSuzukiWagon,Maruti,2013,105000,39000,Petrol
54,MahindraScorpioS10,Mahindra,2015,395000,35000,Diesel
55,MarutiSuzukiSwift,Maruti,2017,220000,30874,Petrol
56,HondaCityZX,Honda,2017,170000,15000,Diesel
57,MarutiSuzukiWagon,Maruti,2013,85000,29685,Petrol
58,FordFigo,Ford,2012,175000,41000,Diesel
59,HyundaiEon,Hyundai,2013,190000,25000,Petrol
60,TataIndigoeCS,Tata,2017,200000,130000,Diesel
61,FordEcoSportAmbiente,Ford,2016,830000,24530,Diesel
62,TataIndigoeCS,Tata,2017,200000,130000,Diesel
63,MahindraScorpioSLE,Mahindra,2012,570000,19000,Diesel
64,VolkswagenPoloHighline,Volkswagen,2014,315000,60000,Petrol
65,SkodaFabiaClassic,Skoda,2010,182000,60000,Petrol
66,MarutiSuzukiStingray,Maruti,2015,315000,30000,Petrol
67,ChevroletSparkLS,Chevrolet,2010,110000,41000,Petrol
68,RenaultDuster110PS,Renault,2012,501000,35000,Diesel
69,HondaCity,Honda,2015,448999,54000,Petrol
70,MiniCooperS,Mini,2013,1891111,13000,Petrol
71,DatsunRediGO,Datsun,2017,235000,16000,Petrol
72,SkodaFabia1.2L,Skoda,2011,159500,38200,Diesel
73,HondaAmaze,Honda,2015,344999,22000,Petrol
74,HondaAmaze,Honda,2015,344999,22000,Petrol
75,RenaultDuster,Renault,2014,449999,50000,Diesel
76,MiniCooperS,Mini,2013,1891111,13500,Petrol
77,MahindraScorpioS4,Mahindra,2015,865000,30000,Diesel
78,MahindraScorpioVLX,Mahindra,2014,699000,50000,Diesel
79,MahindraQuantoC8,Mahindra,2013,375000,20000,Diesel
80,FordEcoSport,Ford,2017,489999,39000,Petrol
81,HondaBrio,Honda,2012,224999,30000,Petrol
82,VolkswagenVentoHighline,Volkswagen,2019,1200000,3600,Diesel
83,Hyundaii20Magna,Hyundai,2009,195000,32000,Petrol
84,ToyotaCorollaAltis,Toyota,2010,351000,38000,Diesel
85,HyundaiVernaTransform,Hyundai,2008,160000,45000,Petrol
86,ToyotaCorollaAltis,Toyota,2009,240000,35000,Petrol
87,HondaCity1.5,Honda,2005,90000,50000,Petrol
88,HyundaiElitei20,Hyundai,2014,415000,32000,Petrol
89,SkodaFabia1.2L,Skoda,2011,155000,45863,Diesel
90,BMW3Series,BMW,2011,600000,60500,Petrol
91,MarutiSuzukiA,Maruti,2011,189500,12500,Petrol
92,ToyotaEtiosGD,Toyota,2013,350000,60000,Diesel
93,FordFigoDiesel,Ford,2012,210000,35000,Diesel
94,MarutiSuzukiSwift,Maruti,2014,390000,35000,Petrol
95,ChevroletBeatLT,Chevrolet,2012,135000,45000,Diesel
96,BMW7Series,BMW,2009,1600000,35000,Petrol
97,MahindraXUV500W8,Mahindra,2013,701000,38000,Diesel
98,Hyundaii10Magna,Hyundai,2014,265000,18000,Petrol
99,HyundaiVernaFluidic,Hyundai,2015,525000,35000,Diesel
100,MarutiSuzukiSwift,Maruti,2013,372000,13349,Petrol
101,MarutiSuzukiErtiga,Maruti,2016,635000,29000,Petrol
102,FordEcoSportTitanium,Ford,2014,550000,44000,Diesel
103,MarutiSuzukiErtiga,Maruti,2016,575000,29000,Petrol
104,MarutiSuzukiErtiga,Maruti,2013,485000,42000,Diesel
105,MarutiSuzukiAlto,Maruti,2012,155000,14000,Petrol
106,HyundaiGrandi10,Hyundai,2014,345000,49000,Diesel
107,HondaAmaze1.2,Honda,2014,325000,42000,Petrol
108,Hyundaii20Asta,Hyundai,2012,329500,36200,Diesel
109,FordFigoDiesel,Ford,2014,195000,50000,Diesel
110,MarutiSuzukiEeco,Maruti,2015,251111,55000,Petrol
111,MarutiSuzukiErtiga,Maruti,2014,569999,45000,Petrol
112,MarutiSuzukiEsteem,Maruti,2007,69999,51000,Petrol
113,MarutiSuzukiRitz,Maruti,2014,299999,19000,Petrol
114,MarutiSuzukiDzire,Maruti,2009,220000,46000,Petrol
115,MarutiSuzukiRitz,Maruti,2013,399999,33000,Diesel
116,MarutiSuzukiSwift,Maruti,2013,372000,13349,Petrol
117,MarutiSuzukiDzire,Maruti,2015,450000,104000,Diesel
118,ToyotaEtiosLiva,Toyota,2014,270000,55000,Petrol
119,Hyundaii20Sportz,Hyundai,2011,350000,33333,Diesel
120,ChevroletSpark,Chevrolet,2012,158400,33600,Petrol
121,MarutiSuzukiAlto,Maruti,2017,350000,5600,Petrol
122,NissanMicraXV,Nissan,2011,179000,41000,Petrol
123,MarutiSuzukiSwift,Maruti,2007,125000,70000,Petrol
124,MarutiSuzukiAlto,Maruti,2018,200000,7500,Petrol
125,HondaAmaze1.5,Honda,2013,299000,45000,Diesel
126,MarutiSuzukiAlto,Maruti,2015,220000,38000,Petrol
127,ChevroletBeat,Chevrolet,2015,150000,30000,Petrol
128,HondaCity1.5,Honda,2010,285000,35000,Petrol
129,FordEcoSportTrend,Ford,2016,830000,24330,Diesel
130,Hyundaii20Asta,Hyundai,2009,210000,65480,Petrol
131,MarutiSuzukiSwift,Maruti,2013,340000,41000,Petrol
132,TataIndicaV2,Tata,2006,90000,20000,Petrol
133,HindustanMotorsAmbassador,Hindustan,2000,70000,200000,Diesel
134,ToyotaCorollaAltis,Toyota,2010,289999,70000,Petrol
135,ToyotaCorollaAltis,Toyota,2012,349999,59000,Petrol
136,ToyotaInnova2.5,Toyota,2012,849999,99000,Diesel
137,VolkswagenJettaHighline,Volkswagen,2014,749999,46000,Diesel
138,VolkswagenPoloComfortline,Volkswagen,2015,399999,2800,Petrol
139,VolkswagenPolo,Volkswagen,2014,274999,32000,Petrol
140,MahindraScorpio,Mahindra,2015,984999,22000,Diesel
141,RenaultDuster,Renault,2014,449999,50000,Diesel
142,HondaAmaze,Honda,2015,344999,22000,Petrol
143,NissanSunny,Nissan,2012,224999,45000,Petrol
144,HyundaiElitei20,Hyundai,2018,599999,21000,Petrol
145,RenaultKwid,Renault,2016,244999,11000,Petrol
146,RenaultDuster,Renault,2013,399999,41000,Diesel
147,FordEcoSport,Ford,2017,489999,39000,Petrol
148,RenaultDuster,Renault,2014,474999,50000,Diesel
149,MahindraScorpioVLX,Mahindra,2011,499999,66000,Diesel
150,MarutiSuzukiAlto,Maruti,2018,310000,3000,Petrol
151,ChevroletSparkLT,Chevrolet,2010,85000,45000,Petrol
152,DatsunRediGO,Datsun,2016,245000,7000,Petrol
153,MarutiSuzukiSwift,Maruti,2010,189500,38500,Diesel
154,FiatPuntoEmotion,Fiat,2012,169500,37200,Diesel
155,MarutiSuzukiSwift,Maruti,2010,159500,43200,Diesel
156,ToyotaEtiosGD,Toyota,2013,275000,24800,Petrol
157,Hyundaii20Sportz,Hyundai,2014,370000,60000,Diesel
158,Hyundaii10Sportz,Hyundai,2010,168000,45872,Petrol
159,ChevroletBeatLT,Chevrolet,2011,150000,40000,Diesel
160,ChevroletBeatLS,Chevrolet,2011,145000,45000,Diesel
161,ChevroletBeatLT,Chevrolet,2012,98500,38000,Diesel
162,MahindraScorpioVLX,Mahindra,2014,699000,50000,Diesel
163,TataIndigoCS,Tata,2011,85000,11400,Diesel
164,ToyotaCorollaAltis,Toyota,2015,575000,42000,Petrol
165,HondaCity1.5,Honda,2014,549000,39000,Petrol
166,MarutiSuzukiSwift,Maruti,2011,209000,47000,Diesel
167,HyundaiEonEra,Hyundai,2013,185000,27000,Petrol
168,MahindraScorpioS10,Mahindra,2015,900000,97200,Diesel
169,MahindraXUV500,Mahindra,2014,699999,52000,Diesel
170,HondaBrio,Honda,2012,224999,30000,Petrol
171,FordFiesta,Ford,2011,274999,55000,Diesel
172,HondaAmaze,Honda,2013,284999,46000,Diesel
173,HondaCity,Honda,2015,599999,30000,Diesel
174,MarutiSuzukiWagon,Maruti,2012,199999,44000,Petrol
175,HondaCity,Honda,2014,544999,45000,Diesel
176,Hyundaii20,Hyundai,2009,199000,31000,Petrol
177,TataIndigoeCS,Tata,2016,320000,175430,Diesel
178,HyundaiFluidicVerna,Hyundai,2015,540000,38000,Diesel
179,MahindraQuantoC8,Mahindra,2013,340000,37000,Diesel
180,FiatPetraELX,Fiat,2008,75000,65000,Petrol
181,SkodaFabia1.2L,Skoda,2011,159500,38200,Diesel
182,MiniCooperS,Mini,2013,1891111,13000,Petrol
183,HyundaiSantroXing,Hyundai,2005,49000,7500,Petrol
184,MarutiSuzukiCiaz,Maruti,2016,700000,3350,Petrol
185,MarutiSuzukiZen,Maruti,2000,55000,60000,Petrol
186,HondaCity,Honda,2015,448999,54000,Petrol
187,HyundaiCreta1.6,Hyundai,2017,895000,32000,Petrol
188,MahindraScorpioSLX,Mahindra,2007,355000,75000,Diesel
189,MahindraScorpioSLE,Mahindra,2012,565000,62000,Diesel
190,ToyotaInnova2.5,Toyota,2006,365000,73000,Diesel
191,MarutiSuzukiAlto,Maruti,2011,145000,41000,Petrol
192,MarutiSuzukiWagon,Maruti,2011,210000,35000,Petrol
193,TataNanoCx,Tata,2013,40000,2200,Petrol
194,MarutiSuzukiAlto,Maruti,2013,125000,39000,Petrol
195,MarutiSuzukiWagon,Maruti,2009,135000,45000,Petrol
196,MarutiSuzukiSwift,Maruti,2006,135000,45000,Petrol
197,TataSumoVicta,Tata,2012,285000,65000,Diesel
198,MarutiSuzukiWagon,Maruti,2010,145000,54870,Petrol
199,MarutiSuzukiAlto,Maruti,2010,135000,34580,Petrol
200,VolkswagenPassatDiesel,Volkswagen,2009,450000,97000,Diesel
201,RenaultScalaRxL,Renault,2015,375000,25000,Diesel
202,MahindraQuantoC8,Mahindra,2013,375000,20000,Diesel
203,HyundaiGrandi10,Hyundai,2014,365000,20000,Petrol
204,Hyundaii20Active,Hyundai,2015,500000,18000,Petrol
205,MahindraXyloE4,Mahindra,2012,400000,35000,Diesel
206,MahindraJeepMM,Mahindra,2019,390000,60,Diesel
207,RenaultDuster110PS,Renault,2012,501000,35000,Diesel
208,MahindraBoleroSLE,Mahindra,2013,330000,80200,Diesel
209,ForceMotorsForce,Force,2015,580000,3200,Diesel
210,MarutiSuzukiSX4,Maruti,2012,265000,46000,Diesel
211,MahindraJeepCL550,Mahindra,2019,379000,0,Diesel
212,MarutiSuzukiAlto,Maruti,2015,219000,5000,Petrol
213,MahindraJeepCL550,Mahindra,2018,385000,588,Diesel
214,ToyotaEtios,Toyota,2011,275000,36000,Diesel
215,VolkswagenPolo,Volkswagen,2015,330000,38000,Diesel
216,HondaCityZX,Honda,2008,110000,45000,Petrol
217,MarutiSuzukiWagon,Maruti,2006,80000,71200,Petrol
218,HondaCityVX,Honda,2016,519000,52000,Diesel
219,MahindraTharCRDe,Mahindra,2016,730000,29000,Diesel
220,MitsubishiPajeroSport,Mitsubishi,2015,1475000,47000,Diesel
221,AudiA41.8,Audi,2009,699000,47000,Petrol
222,MercedesBenzGLA,Mercedes,2015,2000000,20000,Diesel
223,LandRoverFreelander,Land,2015,2100000,30000,Diesel
224,RenaultKwidRXT,Renault,2017,340000,5000,Petrol
225,TataAriaPleasure,Tata,2014,390000,35000,Diesel
226,MercedesBenzB,Mercedes,2014,1400000,31000,Petrol
227,DatsunGOT,Datsun,2016,245000,7000,Petrol
228,TataIndigoeCS,Tata,2016,320000,175430,Diesel
229,TataIndigoeCS,Tata,2016,320000,175400,Diesel
230,HondaJazzVX,Honda,2016,450000,41000,Petrol
231,HondaAmaze1.2,Honda,2014,311000,33000,Petrol
232,HondaAmaze,Honda,2013,284999,46000,Diesel
233,HondaCity,Honda,2012,399999,45000,Petrol
234,HondaCity,Honda,2015,599999,39000,Diesel
235,HondaAmaze,Honda,2015,344999,22000,Petrol
236,AudiA41.8,Audi,2009,699000,47000,Petrol
237,ForceMotorsForce,Force,2015,580000,3200,Diesel
238,MahindraScorpioS4,Mahindra,2015,855000,30000,Diesel
239,Hyundaii20Active,Hyundai,2015,535000,37000,Diesel
240,MiniCooperS,Mini,2013,1891111,13000,Petrol
241,MarutiSuzukiCiaz,Maruti,2017,699000,14000,Petrol
242,ChevroletTaveraNeo,Chevrolet,2013,375000,55000,Diesel
243,HondaAmaze,Honda,2013,284999,46000,Diesel
244,HyundaiEonSportz,Hyundai,2012,178000,30000,Petrol
245,TataSumoGold,Tata,2013,300000,50000,Diesel
246,MarutiSuzukiWagon,Maruti,2003,90000,45000,Petrol
247,MarutiSuzukiEsteem,Maruti,2006,95000,45000,Petrol
248,MarutiSuzukiEeco,Maruti,2015,255000,9300,Petrol
249,ChevroletEnjoy1.4,Chevrolet,2013,245000,55000,Diesel
250,Hyundaii20Asta,Hyundai,2012,329500,36200,Diesel
251,FordFigoDiesel,Ford,2014,195000,50000,Diesel
252,MarutiSuzukiEeco,Maruti,2015,251111,55000,Petrol
253,MarutiSuzukiErtiga,Maruti,2014,569999,45000,Petrol
254,MarutiSuzukiEsteem,Maruti,2007,69999,51000,Petrol
255,MarutiSuzukiRitz,Maruti,2014,299999,19000,Petrol
256,MarutiSuzukiDzire,Maruti,2009,220000,46000,Petrol
257,MarutiSuzukiRitz,Maruti,2013,399999,33000,Diesel
258,MarutiSuzukiSX4,Maruti,2010,249999,36000,Petrol
259,MarutiSuzukiWagon,Maruti,2015,289999,22000,Petrol
260,MiniCooperS,Mini,2013,1891111,13500,Petrol
261,NissanTerranoXL,Nissan,2015,499999,60000,Diesel
262,RenaultDuster85,Renault,2013,489999,27000,Diesel
263,RenaultDuster85,Renault,2014,489999,59000,Diesel
264,RenaultDuster85,Renault,2015,549999,19000,Diesel
265,MarutiSuzukiDzire,Maruti,2013,380000,30000,Petrol
266,RenaultKwidRXT,Renault,2018,325000,15000,Petrol
267,MarutiSuzukiMaruti,Maruti,2003,57000,56758,Petrol
268,RenaultKwid1.0,Renault,2018,349999,10000,Petrol
269,RenaultLodgy85,Renault,2018,689999,20000,Diesel
270,RenaultScalaRxL,Renault,2014,349999,49000,Diesel
271,HyundaiGrandi10,Hyundai,2014,410000,41000,Petrol
272,MarutiSuzukiSwift,Maruti,2011,225000,45000,Petrol
273,ChevroletBeatLS,Chevrolet,2010,120000,43000,Petrol
274,TataIndigoeCS,Tata,2016,320000,175430,Diesel
275,HyundaiSantroXing,Hyundai,2000,59000,56450,Petrol
276,HyundaiFluidicVerna,Hyundai,2015,540000,38000,Diesel
277,ChevroletBeatLS,Chevrolet,2010,80000,56000,Petrol
278,MahindraQuantoC8,Mahindra,2013,340000,37000,Diesel
279,FiatPetraELX,Fiat,2008,75000,65000,Petrol
280,ChevroletBeatLS,Chevrolet,2015,220000,32700,Petrol
281,SkodaFabia1.2L,Skoda,2011,159500,38200,Diesel
282,FordEcoSportTitanium,Ford,2016,599000,30000,Diesel
283,HyundaiAccentGLX,Hyundai,2006,80000,56000,Petrol
284,MahindraTUV300T4,Mahindra,2016,675000,9000,Diesel
285,MiniCooperS,Mini,2013,1891111,13000,Petrol
286,MiniCooperS,Mini,2013,1891111,13000,Petrol
287,TataIndicaV2,Tata,2008,150000,11000,Petrol
288,MiniCooperS,Mini,2013,1891111,13000,Petrol
289,TataIndigoCS,Tata,2009,72500,46000,Diesel
290,MarutiSuzukiSwift,Maruti,2019,610000,73,Petrol
291,MahindraScorpioVLX,Mahindra,2004,230000,160000,Diesel
292,HondaAccord,Honda,2009,175000,58559,Petrol
293,MahindraScorpioS4,Mahindra,2015,855000,30000,Diesel
294,ChevroletTaveraNeo,Chevrolet,2013,375000,55000,Diesel
295,FordEcoSportTitanium,Ford,2014,520000,57000,Diesel
296,MarutiSuzukiErtiga,Maruti,2015,524999,50000,Diesel
297,HondaAmaze,Honda,2014,299999,37000,Petrol
298,MarutiSuzukiDzire,Maruti,2012,299999,40000,Petrol
299,HondaCity,Honda,2011,284999,55000,Petrol
300,MahindraScorpio2.6,Mahindra,2007,220000,170000,Diesel
301,MarutiSuzukiDzire,Maruti,2014,424999,55000,Diesel
302,HondaCity,Honda,2015,644999,39000,Petrol
303,HondaMobilio,Honda,2014,399999,44000,Petrol
304,ToyotaCorollaAltis,Toyota,2009,199999,65000,Petrol
305,HondaCity,Honda,2014,584999,39000,Petrol
306,SkodaLaura,Skoda,2012,349999,44000,Diesel
307,RenaultDuster,Renault,2015,449999,49000,Diesel
308,MarutiSuzukiErtiga,Maruti,2018,799999,9000,Diesel
309,MarutiSuzukiDzire,Maruti,2015,444999,45000,Diesel
310,MahindraXUV500,Mahindra,2014,649999,47000,Diesel
311,HyundaiVernaFluidic,Hyundai,2012,444999,40000,Diesel
312,MarutiSuzukiVitara,Maruti,2016,689999,29000,Diesel
313,MarutiSuzukiWagon,Maruti,2016,344999,15000,Petrol
314,MahindraScorpio,Mahindra,2015,944999,45000,Diesel
315,HondaAmaze,Honda,2014,274999,35000,Petrol
316,MahindraXUV500,Mahindra,2013,689999,80000,Diesel
317,MahindraScorpio,Mahindra,2013,574999,68000,Diesel
318,SkodaLaura,Skoda,2013,374999,50000,Diesel
319,VolkswagenPolo,Volkswagen,2010,199999,60000,Diesel
320,HyundaiElitei20,Hyundai,2016,549999,9000,Petrol
321,TataManzaAura,Tata,2012,130000,72000,Diesel
322,ChevroletSailUVA,Chevrolet,2013,210000,60000,Petrol
323,RenaultDuster110,Renault,2012,501000,38000,Diesel
324,HyundaiVernaFluidic,Hyundai,2013,401000,45000,Diesel
325,AudiA42.0,Audi,2012,1350000,40000,Diesel
326,HyundaiElantraSX,Hyundai,2013,600000,20000,Petrol
327,MahindraScorpioVLX,Mahindra,2013,610000,35000,Diesel
328,MahindraKUV100K8,Mahindra,2016,400000,20000,Diesel
329,RenaultScalaRxL,Renault,2015,375000,25000,Diesel
330,MahindraQuantoC8,Mahindra,2013,375000,20000,Diesel
331,HyundaiGrandi10,Hyundai,2014,365000,20000,Petrol
332,Hyundaii20Active,Hyundai,2015,500000,18000,Petrol
333,MahindraXyloE4,Mahindra,2012,400000,35000,Diesel
334,HyundaiGrandi10,Hyundai,2017,524999,6821,Petrol
335,Hyundaii20,Hyundai,2014,449999,23000,Petrol
336,HyundaiEon,Hyundai,2014,174999,14000,Petrol
337,Hyundaii10,Hyundai,2012,244999,38000,Petrol
338,Hyundaii20Active,Hyundai,2015,574999,35000,Diesel
339,DatsunRediGO,Datsun,2017,244999,22000,Petrol
340,ToyotaEtiosLiva,Toyota,2011,239999,41000,Petrol
341,HyundaiAccent,Hyundai,2010,99999,45000,Petrol
342,HyundaiVerna,Hyundai,2014,489999,44000,Diesel
343,MarutiSuzukiSwift,Maruti,2013,324999,45000,Diesel
344,ToyotaFortuner,Toyota,2011,1074999,52000,Diesel
345,Hyundaii10Sportz,Hyundai,2012,230000,34000,Petrol
346,MahindraBoleroPower,Mahindra,2018,699000,1800,Diesel
347,MahindraXUV500,Mahindra,2015,1000000,15000,Diesel
348,HondaCity1.5,Honda,2010,240000,400000,Petrol
349,ChevroletSparkLT,Chevrolet,2009,110000,44000,Petrol
350,MahindraJeepMM,Mahindra,2019,390000,60,Diesel
351,RenaultDuster110PS,Renault,2012,501000,35000,Diesel
352,MahindraXUV500,Mahindra,2016,1130000,72000,Diesel
353,TataIndigoeCS,Tata,2014,250000,40000,Diesel
354,MahindraBoleroSLE,Mahindra,2013,330000,80200,Diesel
355,ForceMotorsForce,Force,2015,580000,3200,Diesel
356,SkodaRapidElegance,Skoda,2013,340000,48000,Diesel
357,TataVistaQuadrajet,Tata,2011,120000,90000,Diesel
358,MarutiSuzukiAlto,Maruti,2015,265000,12000,Petrol
359,MarutiSuzukiSX4,Maruti,2012,265000,46000,Diesel
360,MarutiSuzukiZen,Maruti,2003,85000,69900,Petrol
361,MahindraJeepCL550,Mahindra,2019,379000,0,Diesel
362,Hyundaii10Magna,Hyundai,2011,175000,45000,Petrol
363,MarutiSuzukiAlto,Maruti,2015,219000,5000,Petrol
364,MarutiSuzukiSwift,Maruti,2016,350000,166000,Diesel
365,HondaCityZX,Honda,2008,149000,42000,Petrol
366,MahindraJeepCL550,Mahindra,2018,385000,588,Diesel
367,MahindraJeepMM,Mahindra,2006,425000,122,Diesel
368,ChevroletBeatDiesel,Chevrolet,2017,150000,62000,Diesel
369,HondaCity1.5,Honda,2010,225000,70000,Petrol
370,HyundaiVerna1.4,Hyundai,2014,375000,36000,Petrol
371,ToyotaInnova2.5,Toyota,2012,770000,0,Diesel
372,MarutiSuzukiMaruti,Maruti,1995,30000,55000,Petrol
373,ToyotaEtios,Toyota,2011,275000,36000,Diesel
374,VolkswagenPolo,Volkswagen,2015,330000,38000,Diesel
375,MarutiSuzukiSwift,Maruti,2014,335000,55000,Diesel
376,HyundaiElitei20,Hyundai,2015,450000,20000,Diesel
377,MarutiSuzukiSwift,Maruti,2012,225000,40000,Petrol
378,MarutiSuzukiVersa,Maruti,2004,80000,50000,Petrol
379,TataIndigoLX,Tata,2016,130000,104000,Diesel
380,VolkswagenVentoKonekt,Volkswagen,2011,245000,65000,Diesel
381,MercedesBenzC,Mercedes,2002,399000,41000,Petrol
382,MarutiSuzukiErtiga,Maruti,2013,450000,90000,Diesel
383,HondaCity,Honda,2000,65000,80000,Petrol
384,HyundaiSantroXing,Hyundai,2006,75000,46000,Petrol
385,MarutiSuzukiOmni,Maruti,2001,70000,70000,Petrol
386,HyundaiSonataTransform,Hyundai,2017,190000,36469,Diesel
387,HyundaiElitei20,Hyundai,2018,600000,7800,Petrol
388,VolkswagenVentoKonekt,Volkswagen,2011,245000,65000,Diesel
389,MarutiSuzukiAlto,Maruti,2017,240000,60000,Petrol
390,MarutiSuzukiAlto,Maruti,2011,155000,32000,Petrol
391,HondaJazzS,Honda,2009,169999,24695,Petrol
392,HyundaiGrandi10,Hyundai,2017,450000,15141,Petrol
393,MarutiSuzukiZen,Maruti,2001,40000,40000,Petrol
394,MahindraScorpioW,Mahindra,2012,165000,65000,Diesel
395,MarutiSuzukiAlto,Maruti,2014,270000,22000,Petrol
396,HyundaiGrandi10,Hyundai,2016,280000,59910,Diesel
397,MahindraXUV500W8,Mahindra,2012,560000,100000,Diesel
398,HyundaiCreta1.6,Hyundai,2016,950000,25000,Petrol
399,Hyundaii20Magna,Hyundai,2013,310000,35000,Petrol
400,RenaultDuster85,Renault,2015,715000,65000,Diesel
401,HyundaiGrandi10,Hyundai,2014,340000,35000,Petrol
402,HondaBrioV,Honda,2012,235000,33000,Petrol
403,MahindraTUV300T4,Mahindra,2017,610000,68000,Diesel
404,ChevroletSparkLS,Chevrolet,2010,95000,23000,Petrol
405,MahindraTUV300T8,Mahindra,2018,1000000,4500,Diesel
406,MarutiSuzukiSwift,Maruti,2015,220000,129000,Diesel
407,NissanXTrail,Nissan,2019,1200000,300,Diesel
408,MarutiSuzukiAlto,Maruti,2015,230000,5000,Petrol
409,FordIkon1.3,Ford,2001,45000,65000,Petrol
410,ToyotaFortuner3.0,Toyota,2010,940000,131000,Diesel
411,TataManzaELAN,Tata,2010,155555,111111,Petrol
412,MercedesBenzA,Mercedes,2013,1500000,14000,Petrol
413,ChevroletBeatLS,Chevrolet,2016,210000,22000,Diesel
414,FordEcoSportTrend,Ford,2013,495000,38000,Diesel
415,TataIndigoLS,Tata,2016,125000,70000,Diesel
416,Hyundaii20Magna,Hyundai,2010,195000,36000,Petrol
417,VolkswagenVentoHighline,Volkswagen,2015,550000,34000,Diesel
418,RenaultKwidRXT,Renault,2015,270000,43000,Petrol
419,FordEcoSportTitanium,Ford,2014,500000,40000,Diesel
420,HondaAmaze1.5,Honda,2016,240000,160000,Diesel
421,HyundaiVerna1.6,Hyundai,2017,800000,12000,Petrol
422,BMW5Series,BMW,2011,1299000,49000,Diesel
423,SkodaSuperb1.8,Skoda,2011,530000,68000,Petrol
424,AudiQ32.0,Audi,2013,1499000,37000,Diesel
425,MahindraBoleroDI,Mahindra,2012,220000,59466,Diesel
426,MahindraScorpioS10,Mahindra,2015,900000,97200,Diesel
427,FordFigoDuratorq,Ford,2012,250000,99000,Diesel
428,MarutiSuzukiWagon,Maruti,2018,395000,25500,Petrol
429,MahindraLoganDiesel,Mahindra,2009,130000,66000,Petrol
430,TataNanoGenX,Tata,2010,32000,44005,Petrol
431,MahindraTUV300T4,Mahindra,2016,540000,35000,Diesel
432,MahindraTUV300T4,Mahindra,2016,540000,35000,Diesel
433,HyundaiElitei20,Hyundai,2015,405000,28000,Petrol
434,HyundaiElitei20,Hyundai,2015,400000,30000,Petrol
435,HondaCitySV,Honda,2017,760000,4000,Petrol
436,MarutiSuzukiBaleno,Maruti,2016,500000,28000,Petrol
437,FordFigoPetrol,Ford,2011,175000,75000,Petrol
438,MahindraScorpioS10,Mahindra,2015,900000,97200,Diesel
439,HondaCity,Honda,2017,750000,3000,Petrol
440,HyundaiElitei20,Hyundai,2015,419000,20000,Petrol
441,MarutiSuzukiVersa,Maruti,2004,90000,50000,Petrol
442,HyundaiEonEra,Hyundai,2018,140000,2110,Petrol
443,MitsubishiPajeroSport,Mitsubishi,2015,1540000,43222,Petrol
444,Hyundaii10Magna,Hyundai,2008,275000,100200,Petrol
445,ToyotaCorollaH2,Toyota,2003,150000,100000,Petrol
446,MarutiSuzukiSwift,Maruti,2011,230000,65,Petrol
447,TataIndigoCS,Tata,2015,123000,100000,Diesel
448,MahindraScorpioS10,Mahindra,2015,900000,97200,Diesel
449,MahindraScorpioS10,Mahindra,2015,900000,97200,Diesel
450,HyundaiXcentBase,Hyundai,2016,300000,140000,Diesel
451,HondaCity,Honda,2015,499999,55000,Petrol
452,HyundaiAccentExecutive,Hyundai,2009,165000,48000,Petrol
453,MarutiSuzukiBaleno,Maruti,2016,498000,22000,Petrol
454,TataZestXE,Tata,2018,480000,103553,Diesel
455,MarutiSuzukiDzire,Maruti,2017,488000,80000,Diesel
456,TataSumoGold,Tata,2014,250000,99000,Diesel
457,ToyotaCorollaAltis,Toyota,2010,220000,58000,Petrol
458,MarutiSuzukiEeco,Maruti,2013,290000,70000,LPG
459,ToyotaFortuner3.0,Toyota,2015,1525000,120000,Diesel
460,MahindraXUV500W6,Mahindra,2013,548900,49800,Diesel
461,TataTigorRevotron,Tata,2019,650000,100,Diesel
462,MarutiSuzuki800,Maruti,2001,55000,81876,Petrol
463,MarutiSuzukiErtiga,Maruti,2015,550000,75000,Petrol
464,MarutiSuzukiVersa,Maruti,2004,90000,50000,Petrol
465,HondaMobilioS,Honda,2014,399000,44000,Diesel
466,MarutiSuzukiErtiga,Maruti,2016,730000,55000,Diesel
467,MarutiSuzukiVitara,Maruti,2017,725000,36000,Diesel
468,HyundaiVerna1.6,Hyundai,2016,195000,56000,Diesel
469,MarutiSuzukiSwift,Maruti,2007,130000,62000,Petrol
470,ToyotaFortuner3.0,Toyota,2015,1525000,120000,Diesel
471,MarutiSuzukiOmni,Maruti,2014,190000,6020,Petrol
472,HondaAmaze,Honda,2013,250000,55700,Diesel
473,TataIndica,Tata,2005,80000,42000,Petrol
474,HyundaiSantroXing,Hyundai,2003,120000,50000,Petrol
475,MarutiSuzukiZen,Maruti,2010,149000,35000,Petrol
476,MarutiSuzukiWagon,Maruti,2014,250000,18500,Petrol
477,MarutiSuzukiWagon,Maruti,2007,120000,7000,Petrol
478,HondaBrioVX,Honda,2017,450000,11000,Petrol
479,MarutiSuzukiZen,Maruti,2003,99999,53000,Petrol
480,MarutiSuzukiZen,Maruti,2008,135000,23000,Petrol
481,MarutiSuzukiWagon,Maruti,2016,225000,35500,Diesel
482,MarutiSuzukiAlto,Maruti,2010,99000,22134,Petrol
483,RenaultKwidRXT,Renault,2019,370000,1000,Petrol
484,TataNanoLx,Tata,2010,52000,9000,Petrol
485,JaguarXEXE,Jaguar,2016,2800000,8500,Petrol
486,HyundaiEonMagna,Hyundai,2014,190000,35000,Petrol
487,HondaCity1.5,Honda,2014,499000,22000,Petrol
488,HindustanMotorsAmbassador,Hindustan,2002,90000,25000,Diesel
489,MarutiSuzukiRitz,Maruti,2010,149000,40000,Petrol
490,HyundaiGrandi10,Hyundai,2017,400000,20000,Petrol
491,HyundaiEonD,Hyundai,2016,120000,87000,Petrol
492,MarutiSuzukiSwift,Maruti,2015,250000,55000,Petrol
493,MarutiSuzukiWagon,Maruti,2017,375000,23000,Petrol
494,HondaAmaze1.2,Honda,2014,381000,6000,Petrol
495,MarutiSuzukiEstilo,Maruti,2013,180000,65000,Petrol
496,MarutiSuzukiVitara,Maruti,2016,580000,25000,Diesel
497,MarutiSuzukiEeco,Maruti,2015,278000,39000,Petrol
498,HyundaiCreta1.6,Hyundai,2016,1000000,8000,Petrol
499,MahindraScorpioVlx,Mahindra,2013,690000,75000,Diesel
500,MarutiSuzukiErtiga,Maruti,2012,480000,51000,Diesel
501,MitsubishiLancer1.8,Mitsubishi,2006,85000,50000,Petrol
502,MarutiSuzukiMaruti,Maruti,2001,40000,75000,Petrol
503,MarutiSuzukiAlto,Maruti,2015,90000,55800,Petrol
504,HyundaiGrandi10,Hyundai,2015,340000,53000,Petrol
505,HyundaiEonD,Hyundai,2018,260000,25000,Petrol
506,FordFiestaSXi,Ford,2009,250000,56400,Petrol
507,MarutiSuzukiRitz,Maruti,2010,180000,72160,Diesel
508,HyundaiVernaFluidic,Hyundai,2012,350000,10000,Diesel
509,MarutiSuzukiWagon,Maruti,2006,90001,48000,Petrol
510,MarutiSuzukiEstilo,Maruti,2007,115000,36000,Petrol
511,AudiA62.0,Audi,2012,1599000,11500,Diesel
512,MarutiSuzukiWagon,Maruti,2003,130000,133000,Petrol
513,MarutiSuzukiWagon,Maruti,2009,159000,27000,Petrol
514,MarutiSuzukiWagon,Maruti,2009,160000,35000,Petrol
515,MarutiSuzukiAlto,Maruti,2010,110000,55000,Petrol
516,MarutiSuzukiBaleno,Maruti,2016,425000,40000,Petrol
517,HyundaiVerna1.6,Hyundai,2019,900000,2000,Petrol
518,MarutiSuzukiSwift,Maruti,2009,150000,45000,Petrol
519,HyundaiGetzPrime,Hyundai,2009,110000,20000,Petrol
520,HyundaiSantro,Hyundai,2000,51999,88000,Petrol
521,HyundaiGetzPrime,Hyundai,2009,115000,20000,Petrol
522,ChevroletBeatPS,Chevrolet,2012,215000,65422,Diesel
523,FordEcoSportTrend,Ford,2017,580000,10000,Petrol
524,MarutiSuzukiDzire,Maruti,2013,380000,35000,Petrol
525,HyundaiFluidicVerna,Hyundai,2013,350000,117000,Diesel
526,TataIndicaV2,Tata,2005,35000,150000,Diesel
527,BMWX1xDrive20d,BMW,2011,1150000,72000,Diesel
528,Hyundaii20Asta,Hyundai,2010,300000,10750,Petrol
529,HondaCity1.5,Honda,2009,269000,55000,Petrol
530,TataNano,Tata,2013,60000,6800,Petrol
531,ChevroletCruzeLTZ,Chevrolet,2014,400000,41000,Diesel
532,HyundaiVernaFluidic,Hyundai,2015,430000,73000,Diesel
533,MarutiSuzukiSwift,Maruti,2011,140000,65000,Diesel
534,MahindraXUV500W10,Mahindra,2018,1299000,40000,Diesel
535,MarutiSuzukiAlto,Maruti,2014,199000,37000,Petrol
536,HyundaiAccentGLE,Hyundai,2006,90000,55000,Petrol
537,ForceMotorsOne,Force,2013,550000,140000,Diesel
538,MarutiSuzukiAlto,Maruti,2019,265000,9800,Petrol
539,ChevroletSpark1.0,Chevrolet,2011,100000,27000,Petrol
540,Hyundaii10,Hyundai,2009,215000,27000,Petrol
541,ToyotaEtiosLiva,Toyota,2012,380000,20000,Diesel
542,RenaultDuster85PS,Renault,2013,401919,57923,Diesel
543,ChevroletEnjoy,Chevrolet,2014,490000,30201,Diesel
544,MarutiSuzukiAlto,Maruti,2017,280000,6200,Petrol
545,BMW5Series,BMW,2009,650000,37518,Petrol
546,ToyotaEtiosLiva,Toyota,2014,160000,24652,Petrol
547,MahindraJeepMM,Mahindra,2004,424000,383,Diesel
548,ChevroletBeatLS,Chevrolet,2016,225000,95000,Diesel
549,ChevroletCruzeLTZ,Chevrolet,2011,350000,35000,Diesel
550,JeepWranglerUnlimited,Jeep,2015,950000,3528,Diesel
551,MarutiSuzukiErtiga,Maruti,2013,485000,52500,Diesel
552,HyundaiVernaVGT,Hyundai,2010,205000,47900,Diesel
553,MarutiSuzukiOmni,Maruti,2012,160000,14000,Petrol
554,MarutiSuzukiCelerio,Maruti,2018,310000,37000,Petrol
555,TataZestQuadrajet,Tata,2017,180000,90000,Diesel
556,MahindraXUV500W6,Mahindra,2013,549900,52800,Diesel
557,TataIndigoCS,Tata,2016,150000,104000,Diesel
558,Hyundaii10Era,Hyundai,2011,175000,30000,Petrol
559,TataIndigoeCS,Tata,2014,95000,195000,Diesel
560,TataIndigoLX,Tata,2016,230000,104000,Diesel
561,TataIndigoeCS,Tata,2016,230000,104000,Diesel
562,TataIndigoMarina,Tata,2004,180000,70000,Diesel
563,HyundaiXcentSX,Hyundai,2015,400000,43000,Diesel
564,HyundaiEonMagna,Hyundai,2013,185000,23000,Petrol
565,RenaultDuster85,Renault,2015,385000,51000,Diesel
566,MarutiSuzukiAlto,Maruti,2009,90000,62000,Petrol
567,TataNanoLX,Tata,2010,32000,48008,Petrol
568,RenaultDuster110,Renault,2013,435000,39000,Diesel
569,MarutiSuzukiWagon,Maruti,2010,225000,40000,Petrol
570,MarutiSuzukiSwift,Maruti,2006,189700,48247,Petrol
571,MarutiSuzukiErtiga,Maruti,2012,389700,39000,Diesel
572,MarutiSuzukiSwift,Maruti,2014,365000,23000,Petrol
573,MarutiSuzukiAlto,Maruti,2017,360000,9400,Petrol
574,Hyundaii20Magna,Hyundai,2010,210000,50000,Petrol
575,Hyundaii10Magna,Hyundai,2009,170000,75000,Petrol
576,TataZestXE,Tata,2017,380000,70000,Diesel
577,MahindraXyloE8,Mahindra,2009,295000,64000,Diesel
578,ToyotaCorollaAltis,Toyota,2010,185000,55000,Petrol
579,TataManzaAqua,Tata,2014,160000,200000,Diesel
580,RenaultKwid1.0,Renault,2018,290000,2137,Petrol
581,TataVentureEX,Tata,2013,100000,30000,Diesel
582,MarutiSuzukiSwift,Maruti,2014,315000,44000,Petrol
583,SkodaOctaviaClassic,Skoda,2006,114990,65000,Diesel
584,MarutiSuzukiOmni,Maruti,2012,120000,160000,LPG
585,ChevroletBeatDiesel,Chevrolet,2011,125000,56000,Diesel
586,TataSumoGold,Tata,2012,210000,75000,Diesel
587,HyundaiVerna1.6,Hyundai,2018,855000,42000,Diesel
588,TataSumoGold,Tata,2012,210000,75000,Diesel
589,MahindraScorpio2.6,Mahindra,2007,260000,56000,Diesel
590,MarutiSuzukiZen,Maruti,2002,95000,10544,Petrol
591,MarutiSuzukiSwift,Maruti,2011,255000,64000,Petrol
592,MahindraScorpioSLX,Mahindra,2008,300000,70000,Diesel
593,HyundaiGrandi10,Hyundai,2014,340000,25000,Petrol
594,HyundaiElitei20,Hyundai,2017,550000,15000,Petrol
595,FordIkon1.6,Ford,2003,60000,50000,Petrol
596,ToyotaInnova2.5,Toyota,2011,750000,147000,Diesel
597,NissanSunnyXL,Nissan,2011,230000,52000,Petrol
598,ChevroletBeatLT,Chevrolet,2012,130000,90001,Diesel
599,MarutiSuzukiAlto,Maruti,2017,270000,21000,Petrol
600,MarutiSuzukiSwift,Maruti,2012,280000,48006,Diesel
601,MarutiSuzukiSwift,Maruti,2012,280000,48006,Diesel
602,MarutiSuzukiSwift,Maruti,2012,280000,48006,Diesel
603,ToyotaInnova2.0,Toyota,2012,600000,80000,Diesel
604,MarutiSuzukiSwift,Maruti,2010,190000,74000,Diesel
605,HyundaiElitei20,Hyundai,2015,500000,22000,Petrol
606,MahindraXUV500W10,Mahindra,2016,1065000,41000,Diesel
607,VolkswagenPoloTrendline,Volkswagen,2015,350000,25000,Diesel
608,ToyotaEtiosLiva,Toyota,2012,350000,85000,Diesel
609,MahindraTUV300T4,Mahindra,2016,540000,29500,Diesel
610,HyundaiElitei20,Hyundai,2015,470000,30000,Petrol
611,HyundaiSantroXing,Hyundai,2014,179000,57000,Petrol
612,MarutiSuzukiZen,Maruti,2003,48000,60000,Petrol
613,MarutiSuzukiCiaz,Maruti,2016,650000,50000,Petrol
614,HyundaiEonEra,Hyundai,2013,190000,39700,Petrol
615,HyundaiElantra1.8,Hyundai,2012,500000,65000,Petrol
616,MarutiSuzukiSwift,Maruti,2010,270000,67000,Diesel
617,MarutiSuzukiZen,Maruti,2008,125000,46000,Petrol
618,HyundaiEonEra,Hyundai,2012,188000,38000,Petrol
619,HyundaiGrandi10,Hyundai,2016,380000,27000,Petrol
620,HyundaiVernaFluidic,Hyundai,2011,365000,43000,Diesel
621,FordEcoSportTrend,Ford,2014,465000,47000,Petrol
622,Hyundaii20Magna,Hyundai,2011,240000,42000,Petrol
623,ChevroletBeatDiesel,Chevrolet,2016,179999,19336,Diesel
624,TataIndicaeV2,Tata,2015,140000,60105,Diesel
625,JaguarXF2.2,Jaguar,2013,2190000,29000,Diesel
626,AudiQ52.0,Audi,2014,2390000,34000,Diesel
627,BMW3Series,BMW,2011,1075000,35000,Diesel
628,MarutiSuzukiSwift,Maruti,2015,475000,22000,Petrol
629,BMWX1sDrive20d,BMW,2012,1025000,41000,Diesel
630,MarutiSuzukiS,Maruti,2016,615000,21000,Diesel
631,MarutiSuzukiErtiga,Maruti,2013,475000,48000,Diesel
632,MarutiSuzukiAlto,Maruti,2016,270000,38000,Petrol
633,HondaCitySV,Honda,2014,475000,34000,Diesel
634,VolkswagenVentoComfortline,Volkswagen,2011,240000,45933,Petrol
635,HondaCity1.5,Honda,2005,120000,68000,Petrol
636,AudiA42.0,Audi,2016,1900000,44000,Diesel
637,MahindraKUV100,Mahindra,2017,360000,35000,Diesel
638,TataZestXE,Tata,2018,450000,102563,Diesel
639,MahindraXUV500W8,Mahindra,2015,900000,28600,Diesel
640,MarutiSuzukiSwift,Maruti,2017,650000,41800,Diesel
641,TataSumoGold,Tata,2014,275000,116000,Diesel
642,MarutiSuzukiSwift,Maruti,2009,210000,59000,Petrol
643,MahindraScorpio2.6,Mahindra,2004,175000,58000,Diesel
644,MarutiSuzukiOmni,Maruti,2009,85000,45000,Petrol
645,MitsubishiPajeroSport,Mitsubishi,2015,1490000,42590,Diesel
646,RenaultDuster,Renault,2014,800000,7400,Diesel
647,VolkswagenJettaComfortline,Volkswagen,2009,450000,54500,Diesel
648,MarutiSuzukiErtiga,Maruti,2012,1000000,200000,Diesel
649,AudiA42.0,Audi,2013,1510000,27000,Diesel
650,VolvoS80Summum,Volvo,2015,1850000,42000,Diesel
651,ToyotaCorollaAltis,Toyota,2014,790000,29000,Petrol
652,MitsubishiPajeroSport,Mitsubishi,2015,1725000,37000,Diesel
653,ChevroletBeatLT,Chevrolet,2012,135000,36000,Petrol
654,BMWX1,BMW,2011,1000000,34000,Diesel
655,DatsunRediGO,Datsun,2018,299999,7000,Petrol
656,MercedesBenzC,Mercedes,2009,1225000,76000,Diesel
657,MahindraScorpioSLX,Mahindra,2004,175000,60000,Diesel
658,VolkswagenVentoComfortline,Volkswagen,2011,200000,95000,Diesel
659,TataIndigoCS,Tata,2017,270000,50000,Diesel
660,FordFigoPetrol,Ford,2019,525000,0,Petrol
661,HondaCityZX,Honda,2006,180000,50000,Petrol
662,MarutiSuzukiWagon,Maruti,2008,140000,68000,Petrol
663,FordEcoSportTrend,Ford,2014,400000,16000,Petrol
664,MarutiSuzukiSwift,Maruti,2016,499000,51000,Diesel
665,MarutiSuzukiOmni,Maruti,2009,85000,56000,Petrol
666,MarutiSuzukiZen,Maruti,2004,70000,100000,Petrol
667,RenaultDusterRxL,Renault,2015,550000,36000,Petrol
668,MarutiSuzukiSwift,Maruti,2014,370000,11523,Petrol
669,MarutiSuzukiBaleno,Maruti,2018,690000,1000,Petrol
670,HondaWRV,Honda,2009,250000,60000,Petrol
671,TataIndigoCS,Tata,2016,110000,85000,Diesel
672,RenaultDuster110,Renault,2013,490000,38600,Diesel
673,MahindraScorpioLX,Mahindra,2009,320000,95500,Diesel
674,MarutiSuzukiZen,Maruti,2004,68000,56000,Petrol
675,MarutiSuzukiWagon,Maruti,2014,130000,37458,Petrol
676,MarutiSuzukiSX4,Maruti,2016,970000,85960,Diesel
677,AudiA3Cabriolet,Audi,2015,3100000,12516,Petrol
678,HyundaiEonD,Hyundai,2018,280000,35000,Petrol
679,MarutiSuzukiZen,Maruti,2009,125000,0,Petrol
680,MahindraScorpioSLX,Mahindra,2008,285000,80000,Diesel
681,HyundaiSantroAE,Hyundai,2011,165000,45000,Petrol
682,MarutiSuzukiSwift,Maruti,2009,250000,51000,Diesel
683,MahindraScorpioS4,Mahindra,2015,865000,30000,Diesel
684,MahindraXyloD2,Mahindra,2011,390000,48000,Diesel
685,HyundaiSantro,Hyundai,2003,60000,51000,Petrol
686,ChevroletBeatLT,Chevrolet,2015,215000,90000,Diesel
687,MarutiSuzukiSwift,Maruti,2015,475000,43000,Diesel
688,MahindraXUV500W8,Mahindra,2015,899000,53000,Diesel
689,ToyotaFortuner3.0,Toyota,2013,1499000,97000,Diesel
690,MarutiSuzukiAlto,Maruti,2013,240000,20000,Petrol
691,HyundaiGetzGLE,Hyundai,2007,99000,55000,Petrol
692,MarutiSuzukiSwift,Maruti,2014,260000,120000,Diesel
693,HyundaiCreta1.6,Hyundai,2019,1200000,0,Petrol
694,HyundaiSantroXing,Hyundai,2007,115000,46000,Petrol
695,HyundaiSantroXing,Hyundai,2009,88000,43200,Petrol
696,MahindraXyloD2,Mahindra,2011,390000,56000,Diesel
697,HyundaiSantroXing,Hyundai,2007,135000,42000,Petrol
698,TataIndicaV2,Tata,2009,90000,30600,Diesel
699,Hyundaii10Sportz,Hyundai,2011,220000,38000,Petrol
700,HyundaiGrandi10,Hyundai,2017,424999,2550,Petrol
701,HyundaiSantroXing,Hyundai,2007,135000,47000,Petrol
702,HondaCity1.5,Honda,2005,95000,41000,Petrol
703,NissanMicraXL,Nissan,2017,430000,62500,Diesel
704,HondaCity1.5,Honda,2005,115000,68000,Petrol
705,MarutiSuzukiAlto,Maruti,2015,215000,50000,Petrol
706,MarutiSuzukiWagon,Maruti,2004,53000,69000,Petrol
707,MarutiSuzukiErtiga,Maruti,2012,500000,48000,Diesel
708,TataIndicaeV2,Tata,2012,85000,55000,Diesel
709,MarutiSuzukiOmni,Maruti,2013,165000,25000,Petrol
710,HyundaiEonEra,Hyundai,2014,200000,28400,Petrol
711,HyundaiEon,Hyundai,2014,200000,28000,Petrol
712,MarutiSuzukiSwift,Maruti,2015,425000,42000,Diesel
713,HyundaiVerna1.6,Hyundai,2012,600000,29000,Diesel
714,ChevroletTaveraLS,Chevrolet,2005,130000,68485,Diesel
715,TataTiagoRevotron,Tata,2018,430000,3500,Petrol
716,TataTiagoRevotorq,Tata,2019,568500,0,Petrol
717,MarutiSuzukiZen,Maruti,2006,71000,32000,Petrol
718,MahindraKUV100K8,Mahindra,2018,560000,8000,Diesel
719,FordEcoSportTitanium,Ford,2014,590000,34000,Diesel
720,HindustanMotorsAmbassador,Hindustan,1995,750000,37000,Petrol
721,FordFusion1.4,Ford,2007,125000,85455,Diesel
722,HyundaiSantroXing,Hyundai,2007,135000,46000,Petrol
723,HyundaiSantro,Hyundai,2002,60000,47000,Petrol
724,FiatLineaEmotion,Fiat,2009,120000,64000,Petrol
725,FordIkon1.3,Ford,2008,95000,46000,Petrol
726,MarutiSuzukiOmni,Maruti,2017,240000,8000,Petrol
727,TataIndicaV2,Tata,2012,115000,64000,Diesel
728,MahindraScorpioS4,Mahindra,2015,795000,63000,Diesel
729,HyundaiSantroXing,Hyundai,2007,55000,65000,Petrol
730,MahindraXyloD2,Mahindra,2009,300000,62000,Diesel
731,HyundaiGrandi10,Hyundai,2014,320000,41000,Petrol
732,MarutiSuzukiAlto,Maruti,2015,265000,14000,Petrol
733,ToyotaCorolla,Toyota,2006,160000,40000,Petrol
734,HyundaiEonMagna,Hyundai,2017,300000,1600,Petrol
735,TataSumoGrande,Tata,2010,130000,90000,Diesel
736,MarutiSuzukiSwift,Maruti,2011,250000,58000,Diesel
737,VolkswagenPoloHighline1.2L,Volkswagen,2013,380000,27000,Petrol
738,MarutiSuzukiAlto,Maruti,2003,42000,60000,Petrol
739,TataTiagoRevotron,Tata,2017,400000,31000,Petrol
740,MarutiSuzukiSwift,Maruti,2009,120000,90000,Diesel
741,MarutiSuzukiSwift,Maruti,2009,120000,90000,Diesel
742,TataIndigoeCS,Tata,2016,130000,150000,Diesel
743,ChevroletBeatLS,Chevrolet,2014,189000,31000,Diesel
744,MahindraXyloE8,Mahindra,2011,365000,43000,Diesel
745,HyundaiEonD,Hyundai,2013,170000,20000,Petrol
746,TataSumoGold,Tata,2013,215000,100000,Petrol
747,TataNano,Tata,2013,60000,7000,Petrol
748,HyundaiElitei20,Hyundai,2017,599999,31000,Petrol
749,Hyundaii10Magna,Hyundai,2009,400000,33000,Petrol
750,HyundaiCreta,Hyundai,2016,900000,60000,Diesel
751,VolkswagenPolo,Volkswagen,2013,299999,48000,Diesel
752,MarutiSuzukiDzire,Maruti,2014,374999,33000,Petrol
753,TataBoltXM,Tata,2015,600000,15000,Petrol
754,MarutiSuzukiAlto,Maruti,2005,70000,47000,Petrol
755,MarutiSuzukiAlto,Maruti,2005,100000,40000,Petrol
756,MarutiSuzukiRitz,Maruti,2010,150000,38000,Diesel
757,MarutiSuzukiAlto,Maruti,2017,225000,12500,Petrol
758,MarutiSuzukiDzire,Maruti,2009,210000,42000,Petrol
759,Hyundaii20Asta,Hyundai,2014,425000,31000,Petrol
760,MarutiSuzukiSwift,Maruti,2008,162000,60000,Diesel
761,TataIndicaV2,Tata,2005,60000,80000,Diesel
762,MahindraScorpioVLX,Mahindra,2014,650000,77000,Diesel
763,ToyotaInnova2.5,Toyota,2012,750000,75000,Diesel
764,MahindraXyloE8,Mahindra,2010,375000,40000,Diesel
765,Hyundaii20Magna,Hyundai,2011,230000,47000,Petrol
766,MarutiSuzukiOmni,Maruti,2000,35999,60000,Petrol
767,MahindraKUV100,Mahindra,2016,380000,26500,Petrol
768,MahindraKUV100K8,Mahindra,2019,560000,2875,Petrol
769,DatsunGoPlus,Datsun,2016,285000,13900,Petrol
770,FordEndeavor4x4,Ford,2019,2900000,9000,Diesel
771,TataIndicaV2,Tata,2005,39999,80000,Diesel
772,HyundaiSantroXing,Hyundai,2006,85000,60000,Petrol
773,MarutiSuzukiWagon,Maruti,2016,395000,20000,Petrol
774,MarutiSuzukiSwift,Maruti,2008,175000,58000,Diesel
775,MarutiSuzukiAlto,Maruti,2019,400000,1500,Petrol
776,ToyotaInnova2.5,Toyota,2011,750000,75000,Diesel
777,MarutiSuzukiAlto,Maruti,2016,250000,2450,Petrol
778,MarutiSuzukiAlto,Maruti,2019,425000,1625,Petrol
779,VolkswagenPoloHighline1.2L,Volkswagen,2017,525000,45000,Petrol
780,MahindraLogan,Mahindra,2009,130000,65000,Diesel
781,MarutiSuzuki800,Maruti,2000,30000,33400,Petrol
782,MahindraScorpio,Mahindra,2011,475000,60123,Diesel
783,ChevroletSail1.2,Chevrolet,2013,300000,28000,Petrol
784,HyundaiSantroAE,Hyundai,2003,60000,70000,Petrol
785,MarutiSuzukiWagon,Maruti,2006,100000,7000,Petrol
786,HyundaiEon,Hyundai,2018,260000,25000,Petrol
787,TataManza,Tata,2015,100000,100000,Diesel
788,ToyotaEtiosG,Toyota,2013,265000,42000,Petrol
789,HyundaiGetzPrime,Hyundai,2009,115000,20000,Petrol
790,ToyotaQualis,Toyota,2003,180000,100000,Diesel
791,HyundaiSantroXing,Hyundai,2004,45000,137495,Petrol
792,TataIndicaeV2,Tata,2016,50500,91200,Diesel
793,HondaCity1.5,Honda,2009,270000,55000,Petrol
794,TataZestXE,Tata,2017,290000,120000,Diesel
795,MahindraQuantoC4,Mahindra,2013,325000,63000,Diesel
796,TataIndigoeCS,Tata,2016,160000,104000,Diesel
797,MarutiSuzukiSwift,Maruti,2016,350000,146000,Diesel
798,HyundaiElitei20,Hyundai,2011,290000,40000,Petrol
799,Hyundaii20Select,Hyundai,2011,290000,40000,Petrol
800,ChevroletTaveraNeo,Chevrolet,2007,465000,100800,Diesel
801,MarutiSuzukiDzire,Maruti,2016,325000,150000,Diesel
802,HyundaiElitei20,Hyundai,2018,510000,2100,Petrol
803,HondaCityVX,Honda,2016,860000,95000,Petrol
804,MarutiSuzukiDzire,Maruti,2016,450000,2500,Diesel
805,HyundaiGetz,Hyundai,2006,125000,80000,Petrol
806,MercedesBenzC,Mercedes,2006,500001,15000,Petrol
807,MarutiSuzukiAlto,Maruti,2005,95000,65000,Petrol
808,MarutiSuzukiSwift,Maruti,2009,250000,51000,Diesel
809,SkodaFabia,Skoda,2009,110000,45000,Petrol
810,MarutiSuzukiRitz,Maruti,2011,270000,50000,Petrol
811,TataIndicaV2,Tata,2009,110000,30000,Diesel
812,ToyotaCorollaAltis,Toyota,2009,300000,132000,Petrol
813,TataZestXM,Tata,2018,260000,27000,Diesel
814,MahindraQuantoC8,Mahindra,2013,390000,40000,Diesel
